{"entryPagePath":"pages/index/index.html","pages":["pages/index/index","pages/eatting/eatting","pages/setting/setting","pages/turnplate/turnplate","pages/random/random","pages/sport/sport","pages/dice/dice","pages/coin/coin"],"page":{"pages/index/index.html":{"window":{}},"pages/eatting/eatting.html":{"window":{}},"pages/setting/setting.html":{"window":{}},"pages/turnplate/turnplate.html":{"window":{}},"pages/random/random.html":{"window":{}},"pages/sport/sport.html":{"window":{}},"pages/dice/dice.html":{"window":{}},"pages/coin/coin.html":{"window":{}}},"global":{"window":{"backgroundTextStyle":"light","navigationBarBackgroundColor":"#fff","navigationBarTitleText":"Weixin","navigationBarTextStyle":"black","navigationStyle":"custom"}},"style":"v2","renderer":{"allUsed":["webview"],"default":"webview"}}